{
    "$schema": "https://schema.management.azure.com/schemas/2015-01-01/deploymentParameters.json#",
    "contentVersion": "1.0.0.0",
    "parameters": {
        "virtualNetworks_v_net_spoke_site_to_site_name": {
            "value": null
        },
        "routeTables_vpn_to_fw_nexthop_externalid": {
            "value": null
        },
        "networkSecurityGroups_vnet_site_to_site_remote_externalid": {
            "value": null
        },
        "virtualNetworks_vnet_hub_externalid": {
            "value": null
        }
    }
}