{
    "$schema": "https://schema.management.azure.com/schemas/2019-04-01/deploymentTemplate.json#",
    "contentVersion": "1.0.0.0",
    "parameters": {
        "virtualNetworks_v_net_spoke_site_to_site_name": {
            "defaultValue": "v-net-spoke-site-to-site",
            "type": "String"
        },
        "routeTables_vpn_to_fw_nexthop_externalid": {
            "defaultValue": "/subscriptions/e0d889ac-ee90-47bc-8a23-e6895f056dfc/resourceGroups/hub-spoke/providers/Microsoft.Network/routeTables/vpn-to-fw-nexthop",
            "type": "String"
        },
        "networkSecurityGroups_vnet_site_to_site_remote_externalid": {
            "defaultValue": "/subscriptions/e0d889ac-ee90-47bc-8a23-e6895f056dfc/resourceGroups/hub-spoke/providers/Microsoft.Network/networkSecurityGroups/vnet-site-to-site-remote",
            "type": "String"
        },
        "virtualNetworks_vnet_hub_externalid": {
            "defaultValue": "/subscriptions/e0d889ac-ee90-47bc-8a23-e6895f056dfc/resourceGroups/hub-spoke/providers/Microsoft.Network/virtualNetworks/vnet-hub",
            "type": "String"
        }
    },
    "variables": {},
    "resources": [
        {
            "type": "Microsoft.Network/virtualNetworks",
            "apiVersion": "2020-11-01",
            "name": "[parameters('virtualNetworks_v_net_spoke_site_to_site_name')]",
            "location": "centralus",
            "tags": {
                "Purpose": "RemoteAccess"
            },
            "properties": {
                "addressSpace": {
                    "addressPrefixes": [
                        "10.1.0.0/16"
                    ]
                },
                "subnets": [
                    {
                        "name": "GatewaySubnet",
                        "properties": {
                            "addressPrefix": "10.1.1.0/27",
                            "routeTable": {
                                "id": "[parameters('routeTables_vpn_to_fw_nexthop_externalid')]"
                            },
                            "serviceEndpoints": [],
                            "delegations": [],
                            "privateEndpointNetworkPolicies": "Enabled",
                            "privateLinkServiceNetworkPolicies": "Enabled"
                        }
                    },
                    {
                        "name": "remote-access-servers",
                        "properties": {
                            "addressPrefix": "10.1.2.0/24",
                            "networkSecurityGroup": {
                                "id": "[parameters('networkSecurityGroups_vnet_site_to_site_remote_externalid')]"
                            },
                            "routeTable": {
                                "id": "[parameters('routeTables_vpn_to_fw_nexthop_externalid')]"
                            },
                            "serviceEndpoints": [],
                            "delegations": [],
                            "privateEndpointNetworkPolicies": "Enabled",
                            "privateLinkServiceNetworkPolicies": "Enabled"
                        }
                    }
                ],
                "virtualNetworkPeerings": [
                    {
                        "name": "site-to-hub",
                        "properties": {
                            "peeringState": "Connected",
                            "remoteVirtualNetwork": {
                                "id": "[parameters('virtualNetworks_vnet_hub_externalid')]"
                            },
                            "allowVirtualNetworkAccess": true,
                            "allowForwardedTraffic": true,
                            "allowGatewayTransit": false,
                            "useRemoteGateways": false,
                            "remoteAddressSpace": {
                                "addressPrefixes": [
                                    "10.0.0.0/20"
                                ]
                            }
                        }
                    }
                ],
                "enableDdosProtection": false
            }
        },
        {
            "type": "Microsoft.Network/virtualNetworks/subnets",
            "apiVersion": "2020-11-01",
            "name": "[concat(parameters('virtualNetworks_v_net_spoke_site_to_site_name'), '/GatewaySubnet')]",
            "dependsOn": [
                "[resourceId('Microsoft.Network/virtualNetworks', parameters('virtualNetworks_v_net_spoke_site_to_site_name'))]"
            ],
            "properties": {
                "addressPrefix": "10.1.1.0/27",
                "routeTable": {
                    "id": "[parameters('routeTables_vpn_to_fw_nexthop_externalid')]"
                },
                "serviceEndpoints": [],
                "delegations": [],
                "privateEndpointNetworkPolicies": "Enabled",
                "privateLinkServiceNetworkPolicies": "Enabled"
            }
        },
        {
            "type": "Microsoft.Network/virtualNetworks/subnets",
            "apiVersion": "2020-11-01",
            "name": "[concat(parameters('virtualNetworks_v_net_spoke_site_to_site_name'), '/remote-access-servers')]",
            "dependsOn": [
                "[resourceId('Microsoft.Network/virtualNetworks', parameters('virtualNetworks_v_net_spoke_site_to_site_name'))]"
            ],
            "properties": {
                "addressPrefix": "10.1.2.0/24",
                "networkSecurityGroup": {
                    "id": "[parameters('networkSecurityGroups_vnet_site_to_site_remote_externalid')]"
                },
                "routeTable": {
                    "id": "[parameters('routeTables_vpn_to_fw_nexthop_externalid')]"
                },
                "serviceEndpoints": [],
                "delegations": [],
                "privateEndpointNetworkPolicies": "Enabled",
                "privateLinkServiceNetworkPolicies": "Enabled"
            }
        },
        {
            "type": "Microsoft.Network/virtualNetworks/virtualNetworkPeerings",
            "apiVersion": "2020-11-01",
            "name": "[concat(parameters('virtualNetworks_v_net_spoke_site_to_site_name'), '/site-to-hub')]",
            "dependsOn": [
                "[resourceId('Microsoft.Network/virtualNetworks', parameters('virtualNetworks_v_net_spoke_site_to_site_name'))]"
            ],
            "properties": {
                "peeringState": "Connected",
                "remoteVirtualNetwork": {
                    "id": "[parameters('virtualNetworks_vnet_hub_externalid')]"
                },
                "allowVirtualNetworkAccess": true,
                "allowForwardedTraffic": true,
                "allowGatewayTransit": false,
                "useRemoteGateways": false,
                "remoteAddressSpace": {
                    "addressPrefixes": [
                        "10.0.0.0/20"
                    ]
                }
            }
        }
    ]
}