{
    "$schema": "https://schema.management.azure.com/schemas/2019-04-01/deploymentTemplate.json#",
    "contentVersion": "1.0.0.0",
    "parameters": {
        "firewallPolicies_RemoteAccess_name": {
            "defaultValue": "RemoteAccess",
            "type": "String"
        }
    },
    "variables": {},
    "resources": [
        {
            "type": "Microsoft.Network/firewallPolicies",
            "apiVersion": "2020-11-01",
            "name": "[parameters('firewallPolicies_RemoteAccess_name')]",
            "location": "centralus",
            "properties": {
                "sku": {
                    "tier": "Premium"
                },
                "threatIntelMode": "Alert",
                "intrusionDetection": {
                    "mode": "Off"
                }
            }
        },
        {
            "type": "Microsoft.Network/firewallPolicies/ruleCollectionGroups",
            "apiVersion": "2020-11-01",
            "name": "[concat(parameters('firewallPolicies_RemoteAccess_name'), '/DefaultDnatRuleCollectionGroup')]",
            "location": "centralus",
            "dependsOn": [
                "[resourceId('Microsoft.Network/firewallPolicies', parameters('firewallPolicies_RemoteAccess_name'))]"
            ],
            "properties": {
                "priority": 100,
                "ruleCollections": [
                    {
                        "ruleCollectionType": "FirewallPolicyNatRuleCollection",
                        "action": {
                            "type": "Dnat"
                        },
                        "rules": [
                            {
                                "ruleType": "NatRule",
                                "name": "RDP",
                                "translatedAddress": "10.0.1.4",
                                "translatedPort": "3389",
                                "ipProtocols": [
                                    "TCP",
                                    "UDP"
                                ],
                                "sourceAddresses": [
                                    "72.177.240.214"
                                ],
                                "sourceIpGroups": [],
                                "destinationAddresses": [
                                    "52.189.67.39"
                                ],
                                "destinationPorts": [
                                    "50000"
                                ]
                            }
                        ],
                        "name": "DNATs",
                        "priority": 100
                    }
                ]
            }
        }
    ]
}