{
    "$schema": "https://schema.management.azure.com/schemas/2015-01-01/deploymentParameters.json#",
    "contentVersion": "1.0.0.0",
    "parameters": {
        "virtualNetworks_vnet_spoke_tenant_a_internal_name": {
            "value": null
        },
        "networkSecurityGroups_tenant_a_backend_internal_externalid": {
            "value": null
        },
        "routeTables_r_nexthop_to_fw_externalid": {
            "value": null
        },
        "networkSecurityGroups_tenant_b_frontend_internal_externalid": {
            "value": null
        },
        "virtualNetworks_vnet_hub_externalid": {
            "value": null
        }
    }
}