{
    "$schema": "https://schema.management.azure.com/schemas/2019-04-01/deploymentTemplate.json#",
    "contentVersion": "1.0.0.0",
    "parameters": {
        "connections_VPN_name": {
            "defaultValue": "VPN",
            "type": "String"
        },
        "virtualNetworkGateways_AzureLabVPN_externalid": {
            "defaultValue": "/subscriptions/e0d889ac-ee90-47bc-8a23-e6895f056dfc/resourceGroups/hub-spoke/providers/Microsoft.Network/virtualNetworkGateways/AzureLabVPN",
            "type": "String"
        },
        "localNetworkGateways_CiscoVPN_externalid": {
            "defaultValue": "/subscriptions/e0d889ac-ee90-47bc-8a23-e6895f056dfc/resourceGroups/hub-spoke/providers/Microsoft.Network/localNetworkGateways/CiscoVPN",
            "type": "String"
        }
    },
    "variables": {},
    "resources": [
        {
            "type": "Microsoft.Network/connections",
            "apiVersion": "2020-11-01",
            "name": "[parameters('connections_VPN_name')]",
            "location": "centralus",
            "properties": {
                "virtualNetworkGateway1": {
                    "id": "[parameters('virtualNetworkGateways_AzureLabVPN_externalid')]"
                },
                "localNetworkGateway2": {
                    "id": "[parameters('localNetworkGateways_CiscoVPN_externalid')]"
                },
                "connectionType": "IPsec",
                "connectionProtocol": "IKEv2",
                "routingWeight": 0,
                "sharedKey": "<YOUR SHARED KEY>",
                "enableBgp": false,
                "useLocalAzureIpAddress": false,
                "usePolicyBasedTrafficSelectors": false,
                "ipsecPolicies": [
                    {
                        "saLifeTimeSeconds": 27000,
                        "saDataSizeKilobytes": 102400000,
                        "ipsecEncryption": "AES256",
                        "ipsecIntegrity": "SHA256",
                        "ikeEncryption": "AES256",
                        "ikeIntegrity": "SHA384",
                        "dhGroup": "DHGroup14",
                        "pfsGroup": "PFS2048"
                    }
                ],
                "trafficSelectorPolicies": [],
                "expressRouteGatewayBypass": false,
                "dpdTimeoutSeconds": 45,
                "connectionMode": "Default"
            }
        }
    ]
}