{
    "$schema": "https://schema.management.azure.com/schemas/2015-01-01/deploymentParameters.json#",
    "contentVersion": "1.0.0.0",
    "parameters": {
        "virtualNetworks_vnet_spoke_shared_it_services_name": {
            "value": null
        },
        "networkSecurityGroups_shared_it_subnet_1_externalid": {
            "value": null
        },
        "routeTables_r_nexthop_to_fw_externalid": {
            "value": null
        },
        "networkSecurityGroups_shared_it_subnet_2_externalid": {
            "value": null
        },
        "networkSecurityGroups_shared_it_subnet_3_externalid": {
            "value": null
        },
        "virtualNetworks_vnet_hub_externalid": {
            "value": null
        }
    }
}