{
    "$schema": "https://schema.management.azure.com/schemas/2019-04-01/deploymentTemplate.json#",
    "contentVersion": "1.0.0.0",
    "parameters": {
        "virtualNetworks_vnet_spoke_shared_it_services_name": {
            "defaultValue": "vnet-spoke-shared-it-services",
            "type": "String"
        },
        "networkSecurityGroups_shared_it_subnet_1_externalid": {
            "defaultValue": "/subscriptions/e0d889ac-ee90-47bc-8a23-e6895f056dfc/resourceGroups/hub-spoke/providers/Microsoft.Network/networkSecurityGroups/shared-it-subnet-1",
            "type": "String"
        },
        "routeTables_r_nexthop_to_fw_externalid": {
            "defaultValue": "/subscriptions/e0d889ac-ee90-47bc-8a23-e6895f056dfc/resourceGroups/hub-spoke/providers/Microsoft.Network/routeTables/r-nexthop-to-fw",
            "type": "String"
        },
        "networkSecurityGroups_shared_it_subnet_2_externalid": {
            "defaultValue": "/subscriptions/e0d889ac-ee90-47bc-8a23-e6895f056dfc/resourceGroups/hub-spoke/providers/Microsoft.Network/networkSecurityGroups/shared-it-subnet-2",
            "type": "String"
        },
        "networkSecurityGroups_shared_it_subnet_3_externalid": {
            "defaultValue": "/subscriptions/e0d889ac-ee90-47bc-8a23-e6895f056dfc/resourceGroups/hub-spoke/providers/Microsoft.Network/networkSecurityGroups/shared-it-subnet-3",
            "type": "String"
        },
        "virtualNetworks_vnet_hub_externalid": {
            "defaultValue": "/subscriptions/e0d889ac-ee90-47bc-8a23-e6895f056dfc/resourceGroups/hub-spoke/providers/Microsoft.Network/virtualNetworks/vnet-hub",
            "type": "String"
        }
    },
    "variables": {},
    "resources": [
        {
            "type": "Microsoft.Network/virtualNetworks",
            "apiVersion": "2020-11-01",
            "name": "[parameters('virtualNetworks_vnet_spoke_shared_it_services_name')]",
            "location": "centralus",
            "tags": {
                "Purpose": "SharedServices"
            },
            "properties": {
                "addressSpace": {
                    "addressPrefixes": [
                        "10.4.0.0/16"
                    ]
                },
                "subnets": [
                    {
                        "name": "shared-1",
                        "properties": {
                            "addressPrefix": "10.4.0.0/24",
                            "networkSecurityGroup": {
                                "id": "[parameters('networkSecurityGroups_shared_it_subnet_1_externalid')]"
                            },
                            "routeTable": {
                                "id": "[parameters('routeTables_r_nexthop_to_fw_externalid')]"
                            },
                            "serviceEndpoints": [],
                            "delegations": [],
                            "privateEndpointNetworkPolicies": "Enabled",
                            "privateLinkServiceNetworkPolicies": "Enabled"
                        }
                    },
                    {
                        "name": "shared-2",
                        "properties": {
                            "addressPrefix": "10.4.1.0/24",
                            "networkSecurityGroup": {
                                "id": "[parameters('networkSecurityGroups_shared_it_subnet_2_externalid')]"
                            },
                            "routeTable": {
                                "id": "[parameters('routeTables_r_nexthop_to_fw_externalid')]"
                            },
                            "serviceEndpoints": [],
                            "delegations": [],
                            "privateEndpointNetworkPolicies": "Enabled",
                            "privateLinkServiceNetworkPolicies": "Enabled"
                        }
                    },
                    {
                        "name": "shared-3",
                        "properties": {
                            "addressPrefix": "10.4.2.0/24",
                            "networkSecurityGroup": {
                                "id": "[parameters('networkSecurityGroups_shared_it_subnet_3_externalid')]"
                            },
                            "routeTable": {
                                "id": "[parameters('routeTables_r_nexthop_to_fw_externalid')]"
                            },
                            "serviceEndpoints": [],
                            "delegations": [],
                            "privateEndpointNetworkPolicies": "Enabled",
                            "privateLinkServiceNetworkPolicies": "Enabled"
                        }
                    }
                ],
                "virtualNetworkPeerings": [
                    {
                        "name": "shared-to-hub",
                        "properties": {
                            "peeringState": "Connected",
                            "remoteVirtualNetwork": {
                                "id": "[parameters('virtualNetworks_vnet_hub_externalid')]"
                            },
                            "allowVirtualNetworkAccess": true,
                            "allowForwardedTraffic": false,
                            "allowGatewayTransit": false,
                            "useRemoteGateways": false,
                            "remoteAddressSpace": {
                                "addressPrefixes": [
                                    "10.0.0.0/20"
                                ]
                            }
                        }
                    }
                ],
                "enableDdosProtection": false
            }
        },
        {
            "type": "Microsoft.Network/virtualNetworks/subnets",
            "apiVersion": "2020-11-01",
            "name": "[concat(parameters('virtualNetworks_vnet_spoke_shared_it_services_name'), '/shared-1')]",
            "dependsOn": [
                "[resourceId('Microsoft.Network/virtualNetworks', parameters('virtualNetworks_vnet_spoke_shared_it_services_name'))]"
            ],
            "properties": {
                "addressPrefix": "10.4.0.0/24",
                "networkSecurityGroup": {
                    "id": "[parameters('networkSecurityGroups_shared_it_subnet_1_externalid')]"
                },
                "routeTable": {
                    "id": "[parameters('routeTables_r_nexthop_to_fw_externalid')]"
                },
                "serviceEndpoints": [],
                "delegations": [],
                "privateEndpointNetworkPolicies": "Enabled",
                "privateLinkServiceNetworkPolicies": "Enabled"
            }
        },
        {
            "type": "Microsoft.Network/virtualNetworks/subnets",
            "apiVersion": "2020-11-01",
            "name": "[concat(parameters('virtualNetworks_vnet_spoke_shared_it_services_name'), '/shared-2')]",
            "dependsOn": [
                "[resourceId('Microsoft.Network/virtualNetworks', parameters('virtualNetworks_vnet_spoke_shared_it_services_name'))]"
            ],
            "properties": {
                "addressPrefix": "10.4.1.0/24",
                "networkSecurityGroup": {
                    "id": "[parameters('networkSecurityGroups_shared_it_subnet_2_externalid')]"
                },
                "routeTable": {
                    "id": "[parameters('routeTables_r_nexthop_to_fw_externalid')]"
                },
                "serviceEndpoints": [],
                "delegations": [],
                "privateEndpointNetworkPolicies": "Enabled",
                "privateLinkServiceNetworkPolicies": "Enabled"
            }
        },
        {
            "type": "Microsoft.Network/virtualNetworks/subnets",
            "apiVersion": "2020-11-01",
            "name": "[concat(parameters('virtualNetworks_vnet_spoke_shared_it_services_name'), '/shared-3')]",
            "dependsOn": [
                "[resourceId('Microsoft.Network/virtualNetworks', parameters('virtualNetworks_vnet_spoke_shared_it_services_name'))]"
            ],
            "properties": {
                "addressPrefix": "10.4.2.0/24",
                "networkSecurityGroup": {
                    "id": "[parameters('networkSecurityGroups_shared_it_subnet_3_externalid')]"
                },
                "routeTable": {
                    "id": "[parameters('routeTables_r_nexthop_to_fw_externalid')]"
                },
                "serviceEndpoints": [],
                "delegations": [],
                "privateEndpointNetworkPolicies": "Enabled",
                "privateLinkServiceNetworkPolicies": "Enabled"
            }
        },
        {
            "type": "Microsoft.Network/virtualNetworks/virtualNetworkPeerings",
            "apiVersion": "2020-11-01",
            "name": "[concat(parameters('virtualNetworks_vnet_spoke_shared_it_services_name'), '/shared-to-hub')]",
            "dependsOn": [
                "[resourceId('Microsoft.Network/virtualNetworks', parameters('virtualNetworks_vnet_spoke_shared_it_services_name'))]"
            ],
            "properties": {
                "peeringState": "Connected",
                "remoteVirtualNetwork": {
                    "id": "[parameters('virtualNetworks_vnet_hub_externalid')]"
                },
                "allowVirtualNetworkAccess": true,
                "allowForwardedTraffic": false,
                "allowGatewayTransit": false,
                "useRemoteGateways": false,
                "remoteAddressSpace": {
                    "addressPrefixes": [
                        "10.0.0.0/20"
                    ]
                }
            }
        }
    ]
}