{
    "$schema": "https://schema.management.azure.com/schemas/2015-01-01/deploymentParameters.json#",
    "contentVersion": "1.0.0.0",
    "parameters": {
        "virtualNetworks_vnet_hub_name": {
            "value": null
        },
        "networkSecurityGroups_JumpSubnetNSG_externalid": {
            "value": null
        },
        "routeTables_r_nexthop_to_fw_externalid": {
            "value": null
        },
        "virtualNetworks_vnet_spoke_one_externalid": {
            "value": null
        },
        "virtualNetworks_vnet_spoke_two_externalid": {
            "value": null
        },
        "virtualNetworks_v_net_spoke_site_to_site_externalid": {
            "value": null
        },
        "virtualNetworks_vnet_spoke_tenant_a_internal_externalid": {
            "value": null
        },
        "virtualNetworks_vnet_spoke_tenant_a_external_externalid": {
            "value": null
        },
        "virtualNetworks_vnet_spoke_shared_it_services_externalid": {
            "value": null
        }
    }
}