{
    "$schema": "https://schema.management.azure.com/schemas/2019-04-01/deploymentTemplate.json#",
    "contentVersion": "1.0.0.0",
    "parameters": {
        "virtualNetworks_vnet_hub_name": {
            "defaultValue": "vnet-hub",
            "type": "String"
        },
        "networkSecurityGroups_JumpSubnetNSG_externalid": {
            "defaultValue": "/subscriptions/e0d889ac-ee90-47bc-8a23-e6895f056dfc/resourceGroups/hub-spoke/providers/Microsoft.Network/networkSecurityGroups/JumpSubnetNSG",
            "type": "String"
        },
        "routeTables_r_nexthop_to_fw_externalid": {
            "defaultValue": "/subscriptions/e0d889ac-ee90-47bc-8a23-e6895f056dfc/resourceGroups/hub-spoke/providers/Microsoft.Network/routeTables/r-nexthop-to-fw",
            "type": "String"
        },
        "virtualNetworks_vnet_spoke_one_externalid": {
            "defaultValue": "/subscriptions/e0d889ac-ee90-47bc-8a23-e6895f056dfc/resourceGroups/hub-spoke/providers/Microsoft.Network/virtualNetworks/vnet-spoke-one",
            "type": "String"
        },
        "virtualNetworks_vnet_spoke_two_externalid": {
            "defaultValue": "/subscriptions/e0d889ac-ee90-47bc-8a23-e6895f056dfc/resourceGroups/hub-spoke/providers/Microsoft.Network/virtualNetworks/vnet-spoke-two",
            "type": "String"
        },
        "virtualNetworks_v_net_spoke_site_to_site_externalid": {
            "defaultValue": "/subscriptions/e0d889ac-ee90-47bc-8a23-e6895f056dfc/resourceGroups/hub-spoke/providers/Microsoft.Network/virtualNetworks/v-net-spoke-site-to-site",
            "type": "String"
        },
        "virtualNetworks_vnet_spoke_tenant_a_internal_externalid": {
            "defaultValue": "/subscriptions/e0d889ac-ee90-47bc-8a23-e6895f056dfc/resourceGroups/hub-spoke/providers/Microsoft.Network/virtualNetworks/vnet-spoke-tenant-a-internal",
            "type": "String"
        },
        "virtualNetworks_vnet_spoke_tenant_a_external_externalid": {
            "defaultValue": "/subscriptions/e0d889ac-ee90-47bc-8a23-e6895f056dfc/resourceGroups/hub-spoke/providers/Microsoft.Network/virtualNetworks/vnet-spoke-tenant-a-external",
            "type": "String"
        },
        "virtualNetworks_vnet_spoke_shared_it_services_externalid": {
            "defaultValue": "/subscriptions/e0d889ac-ee90-47bc-8a23-e6895f056dfc/resourceGroups/hub-spoke/providers/Microsoft.Network/virtualNetworks/vnet-spoke-shared-it-services",
            "type": "String"
        }
    },
    "variables": {},
    "resources": [
        {
            "type": "Microsoft.Network/virtualNetworks",
            "apiVersion": "2020-11-01",
            "name": "[parameters('virtualNetworks_vnet_hub_name')]",
            "location": "centralus",
            "properties": {
                "addressSpace": {
                    "addressPrefixes": [
                        "10.0.0.0/20"
                    ]
                },
                "subnets": [
                    {
                        "name": "GatewaySubnet",
                        "properties": {
                            "addressPrefix": "10.0.2.0/27",
                            "delegations": [],
                            "privateEndpointNetworkPolicies": "Enabled",
                            "privateLinkServiceNetworkPolicies": "Enabled"
                        }
                    },
                    {
                        "name": "AzureFirewallSubnet",
                        "properties": {
                            "addressPrefix": "10.0.3.0/26",
                            "serviceEndpoints": [],
                            "delegations": [],
                            "privateEndpointNetworkPolicies": "Enabled",
                            "privateLinkServiceNetworkPolicies": "Enabled"
                        }
                    },
                    {
                        "name": "JumpSubnet",
                        "properties": {
                            "addressPrefix": "10.0.1.0/24",
                            "networkSecurityGroup": {
                                "id": "[parameters('networkSecurityGroups_JumpSubnetNSG_externalid')]"
                            },
                            "routeTable": {
                                "id": "[parameters('routeTables_r_nexthop_to_fw_externalid')]"
                            },
                            "serviceEndpoints": [],
                            "delegations": [],
                            "privateEndpointNetworkPolicies": "Enabled",
                            "privateLinkServiceNetworkPolicies": "Enabled"
                        }
                    }
                ],
                "virtualNetworkPeerings": [
                    {
                        "name": "hub-to-spoke-one",
                        "properties": {
                            "peeringState": "Disconnected",
                            "remoteVirtualNetwork": {
                                "id": "[parameters('virtualNetworks_vnet_spoke_one_externalid')]"
                            },
                            "allowVirtualNetworkAccess": true,
                            "allowForwardedTraffic": false,
                            "allowGatewayTransit": false,
                            "useRemoteGateways": false,
                            "remoteAddressSpace": {
                                "addressPrefixes": [
                                    "10.100.0.0/16"
                                ]
                            }
                        }
                    },
                    {
                        "name": "hub-to-spoke-two",
                        "properties": {
                            "peeringState": "Disconnected",
                            "remoteVirtualNetwork": {
                                "id": "[parameters('virtualNetworks_vnet_spoke_two_externalid')]"
                            },
                            "allowVirtualNetworkAccess": true,
                            "allowForwardedTraffic": false,
                            "allowGatewayTransit": false,
                            "useRemoteGateways": false,
                            "remoteAddressSpace": {
                                "addressPrefixes": [
                                    "10.200.0.0/16"
                                ]
                            }
                        }
                    },
                    {
                        "name": "hub-to-site",
                        "properties": {
                            "peeringState": "Connected",
                            "remoteVirtualNetwork": {
                                "id": "[parameters('virtualNetworks_v_net_spoke_site_to_site_externalid')]"
                            },
                            "allowVirtualNetworkAccess": true,
                            "allowForwardedTraffic": true,
                            "allowGatewayTransit": false,
                            "useRemoteGateways": false,
                            "remoteAddressSpace": {
                                "addressPrefixes": [
                                    "10.1.0.0/16"
                                ]
                            }
                        }
                    },
                    {
                        "name": "hub-to-tenant-a-internal",
                        "properties": {
                            "peeringState": "Connected",
                            "remoteVirtualNetwork": {
                                "id": "[parameters('virtualNetworks_vnet_spoke_tenant_a_internal_externalid')]"
                            },
                            "allowVirtualNetworkAccess": true,
                            "allowForwardedTraffic": false,
                            "allowGatewayTransit": false,
                            "useRemoteGateways": false,
                            "remoteAddressSpace": {
                                "addressPrefixes": [
                                    "10.2.0.0/16"
                                ]
                            }
                        }
                    },
                    {
                        "name": "hub-to-tenant-a-external",
                        "properties": {
                            "peeringState": "Connected",
                            "remoteVirtualNetwork": {
                                "id": "[parameters('virtualNetworks_vnet_spoke_tenant_a_external_externalid')]"
                            },
                            "allowVirtualNetworkAccess": true,
                            "allowForwardedTraffic": false,
                            "allowGatewayTransit": false,
                            "useRemoteGateways": false,
                            "remoteAddressSpace": {
                                "addressPrefixes": [
                                    "10.3.0.0/16"
                                ]
                            }
                        }
                    },
                    {
                        "name": "hub-to-shared",
                        "properties": {
                            "peeringState": "Connected",
                            "remoteVirtualNetwork": {
                                "id": "[parameters('virtualNetworks_vnet_spoke_shared_it_services_externalid')]"
                            },
                            "allowVirtualNetworkAccess": true,
                            "allowForwardedTraffic": false,
                            "allowGatewayTransit": false,
                            "useRemoteGateways": false,
                            "remoteAddressSpace": {
                                "addressPrefixes": [
                                    "10.4.0.0/16"
                                ]
                            }
                        }
                    }
                ],
                "enableDdosProtection": false
            }
        },
        {
            "type": "Microsoft.Network/virtualNetworks/subnets",
            "apiVersion": "2020-11-01",
            "name": "[concat(parameters('virtualNetworks_vnet_hub_name'), '/AzureFirewallSubnet')]",
            "dependsOn": [
                "[resourceId('Microsoft.Network/virtualNetworks', parameters('virtualNetworks_vnet_hub_name'))]"
            ],
            "properties": {
                "addressPrefix": "10.0.3.0/26",
                "serviceEndpoints": [],
                "delegations": [],
                "privateEndpointNetworkPolicies": "Enabled",
                "privateLinkServiceNetworkPolicies": "Enabled"
            }
        },
        {
            "type": "Microsoft.Network/virtualNetworks/subnets",
            "apiVersion": "2020-11-01",
            "name": "[concat(parameters('virtualNetworks_vnet_hub_name'), '/GatewaySubnet')]",
            "dependsOn": [
                "[resourceId('Microsoft.Network/virtualNetworks', parameters('virtualNetworks_vnet_hub_name'))]"
            ],
            "properties": {
                "addressPrefix": "10.0.2.0/27",
                "delegations": [],
                "privateEndpointNetworkPolicies": "Enabled",
                "privateLinkServiceNetworkPolicies": "Enabled"
            }
        },
        {
            "type": "Microsoft.Network/virtualNetworks/subnets",
            "apiVersion": "2020-11-01",
            "name": "[concat(parameters('virtualNetworks_vnet_hub_name'), '/JumpSubnet')]",
            "dependsOn": [
                "[resourceId('Microsoft.Network/virtualNetworks', parameters('virtualNetworks_vnet_hub_name'))]"
            ],
            "properties": {
                "addressPrefix": "10.0.1.0/24",
                "networkSecurityGroup": {
                    "id": "[parameters('networkSecurityGroups_JumpSubnetNSG_externalid')]"
                },
                "routeTable": {
                    "id": "[parameters('routeTables_r_nexthop_to_fw_externalid')]"
                },
                "serviceEndpoints": [],
                "delegations": [],
                "privateEndpointNetworkPolicies": "Enabled",
                "privateLinkServiceNetworkPolicies": "Enabled"
            }
        },
        {
            "type": "Microsoft.Network/virtualNetworks/virtualNetworkPeerings",
            "apiVersion": "2020-11-01",
            "name": "[concat(parameters('virtualNetworks_vnet_hub_name'), '/hub-to-shared')]",
            "dependsOn": [
                "[resourceId('Microsoft.Network/virtualNetworks', parameters('virtualNetworks_vnet_hub_name'))]"
            ],
            "properties": {
                "peeringState": "Connected",
                "remoteVirtualNetwork": {
                    "id": "[parameters('virtualNetworks_vnet_spoke_shared_it_services_externalid')]"
                },
                "allowVirtualNetworkAccess": true,
                "allowForwardedTraffic": false,
                "allowGatewayTransit": false,
                "useRemoteGateways": false,
                "remoteAddressSpace": {
                    "addressPrefixes": [
                        "10.4.0.0/16"
                    ]
                }
            }
        },
        {
            "type": "Microsoft.Network/virtualNetworks/virtualNetworkPeerings",
            "apiVersion": "2020-11-01",
            "name": "[concat(parameters('virtualNetworks_vnet_hub_name'), '/hub-to-site')]",
            "dependsOn": [
                "[resourceId('Microsoft.Network/virtualNetworks', parameters('virtualNetworks_vnet_hub_name'))]"
            ],
            "properties": {
                "peeringState": "Connected",
                "remoteVirtualNetwork": {
                    "id": "[parameters('virtualNetworks_v_net_spoke_site_to_site_externalid')]"
                },
                "allowVirtualNetworkAccess": true,
                "allowForwardedTraffic": true,
                "allowGatewayTransit": false,
                "useRemoteGateways": false,
                "remoteAddressSpace": {
                    "addressPrefixes": [
                        "10.1.0.0/16"
                    ]
                }
            }
        },
        {
            "type": "Microsoft.Network/virtualNetworks/virtualNetworkPeerings",
            "apiVersion": "2020-11-01",
            "name": "[concat(parameters('virtualNetworks_vnet_hub_name'), '/hub-to-spoke-one')]",
            "dependsOn": [
                "[resourceId('Microsoft.Network/virtualNetworks', parameters('virtualNetworks_vnet_hub_name'))]"
            ],
            "properties": {
                "peeringState": "Disconnected",
                "remoteVirtualNetwork": {
                    "id": "[parameters('virtualNetworks_vnet_spoke_one_externalid')]"
                },
                "allowVirtualNetworkAccess": true,
                "allowForwardedTraffic": false,
                "allowGatewayTransit": false,
                "useRemoteGateways": false,
                "remoteAddressSpace": {
                    "addressPrefixes": [
                        "10.100.0.0/16"
                    ]
                }
            }
        },
        {
            "type": "Microsoft.Network/virtualNetworks/virtualNetworkPeerings",
            "apiVersion": "2020-11-01",
            "name": "[concat(parameters('virtualNetworks_vnet_hub_name'), '/hub-to-spoke-two')]",
            "dependsOn": [
                "[resourceId('Microsoft.Network/virtualNetworks', parameters('virtualNetworks_vnet_hub_name'))]"
            ],
            "properties": {
                "peeringState": "Disconnected",
                "remoteVirtualNetwork": {
                    "id": "[parameters('virtualNetworks_vnet_spoke_two_externalid')]"
                },
                "allowVirtualNetworkAccess": true,
                "allowForwardedTraffic": false,
                "allowGatewayTransit": false,
                "useRemoteGateways": false,
                "remoteAddressSpace": {
                    "addressPrefixes": [
                        "10.200.0.0/16"
                    ]
                }
            }
        },
        {
            "type": "Microsoft.Network/virtualNetworks/virtualNetworkPeerings",
            "apiVersion": "2020-11-01",
            "name": "[concat(parameters('virtualNetworks_vnet_hub_name'), '/hub-to-tenant-a-external')]",
            "dependsOn": [
                "[resourceId('Microsoft.Network/virtualNetworks', parameters('virtualNetworks_vnet_hub_name'))]"
            ],
            "properties": {
                "peeringState": "Connected",
                "remoteVirtualNetwork": {
                    "id": "[parameters('virtualNetworks_vnet_spoke_tenant_a_external_externalid')]"
                },
                "allowVirtualNetworkAccess": true,
                "allowForwardedTraffic": false,
                "allowGatewayTransit": false,
                "useRemoteGateways": false,
                "remoteAddressSpace": {
                    "addressPrefixes": [
                        "10.3.0.0/16"
                    ]
                }
            }
        },
        {
            "type": "Microsoft.Network/virtualNetworks/virtualNetworkPeerings",
            "apiVersion": "2020-11-01",
            "name": "[concat(parameters('virtualNetworks_vnet_hub_name'), '/hub-to-tenant-a-internal')]",
            "dependsOn": [
                "[resourceId('Microsoft.Network/virtualNetworks', parameters('virtualNetworks_vnet_hub_name'))]"
            ],
            "properties": {
                "peeringState": "Connected",
                "remoteVirtualNetwork": {
                    "id": "[parameters('virtualNetworks_vnet_spoke_tenant_a_internal_externalid')]"
                },
                "allowVirtualNetworkAccess": true,
                "allowForwardedTraffic": false,
                "allowGatewayTransit": false,
                "useRemoteGateways": false,
                "remoteAddressSpace": {
                    "addressPrefixes": [
                        "10.2.0.0/16"
                    ]
                }
            }
        }
    ]
}