{
    "$schema": "https://schema.management.azure.com/schemas/2015-01-01/deploymentParameters.json#",
    "contentVersion": "1.0.0.0",
    "parameters": {
        "azureFirewalls_SandmanFirewall_name": {
            "value": null
        },
        "publicIPAddresses_pip_firewall_externalid": {
            "value": null
        },
        "virtualNetworks_vnet_hub_externalid": {
            "value": null
        },
        "firewallPolicies_RemoteAccess_externalid": {
            "value": null
        }
    }
}