{
    "$schema": "https://schema.management.azure.com/schemas/2019-04-01/deploymentTemplate.json#",
    "contentVersion": "1.0.0.0",
    "parameters": {
        "azureFirewalls_SandmanFirewall_name": {
            "defaultValue": "SandmanFirewall",
            "type": "String"
        },
        "publicIPAddresses_pip_firewall_externalid": {
            "defaultValue": "/subscriptions/e0d889ac-ee90-47bc-8a23-e6895f056dfc/resourceGroups/hub-spoke/providers/Microsoft.Network/publicIPAddresses/pip-firewall",
            "type": "String"
        },
        "virtualNetworks_vnet_hub_externalid": {
            "defaultValue": "/subscriptions/e0d889ac-ee90-47bc-8a23-e6895f056dfc/resourceGroups/hub-spoke/providers/Microsoft.Network/virtualNetworks/vnet-hub",
            "type": "String"
        },
        "firewallPolicies_RemoteAccess_externalid": {
            "defaultValue": "/subscriptions/e0d889ac-ee90-47bc-8a23-e6895f056dfc/resourceGroups/hub-spoke/providers/Microsoft.Network/firewallPolicies/RemoteAccess",
            "type": "String"
        }
    },
    "variables": {},
    "resources": [
        {
            "type": "Microsoft.Network/azureFirewalls",
            "apiVersion": "2020-11-01",
            "name": "[parameters('azureFirewalls_SandmanFirewall_name')]",
            "location": "centralus",
            "properties": {
                "sku": {
                    "name": "AZFW_VNet",
                    "tier": "Premium"
                },
                "threatIntelMode": "Alert",
                "additionalProperties": {},
                "ipConfigurations": [
                    {
                        "name": "pip-firewall",
                        "properties": {
                            "publicIPAddress": {
                                "id": "[parameters('publicIPAddresses_pip_firewall_externalid')]"
                            },
                            "subnet": {
                                "id": "[concat(parameters('virtualNetworks_vnet_hub_externalid'), '/subnets/AzureFirewallSubnet')]"
                            }
                        }
                    }
                ],
                "networkRuleCollections": [],
                "applicationRuleCollections": [],
                "natRuleCollections": [],
                "firewallPolicy": {
                    "id": "[parameters('firewallPolicies_RemoteAccess_externalid')]"
                }
            }
        }
    ]
}