{
    "$schema": "https://schema.management.azure.com/schemas/2019-04-01/deploymentTemplate.json#",
    "contentVersion": "1.0.0.0",
    "parameters": {
        "virtualNetworks_vnet_spoke_tenant_a_external_name": {
            "defaultValue": "vnet-spoke-tenant-a-external",
            "type": "String"
        },
        "virtualNetworks_vnet_hub_externalid": {
            "defaultValue": "/subscriptions/e0d889ac-ee90-47bc-8a23-e6895f056dfc/resourceGroups/hub-spoke/providers/Microsoft.Network/virtualNetworks/vnet-hub",
            "type": "String"
        }
    },
    "variables": {},
    "resources": [
        {
            "type": "Microsoft.Network/virtualNetworks",
            "apiVersion": "2020-11-01",
            "name": "[parameters('virtualNetworks_vnet_spoke_tenant_a_external_name')]",
            "location": "centralus",
            "tags": {
                "Purpose": "Internet Ingress "
            },
            "properties": {
                "addressSpace": {
                    "addressPrefixes": [
                        "10.3.0.0/16"
                    ]
                },
                "subnets": [
                    {
                        "name": "tenant-a-backend-external",
                        "properties": {
                            "addressPrefix": "10.3.1.0/24",
                            "delegations": [],
                            "privateEndpointNetworkPolicies": "Enabled",
                            "privateLinkServiceNetworkPolicies": "Enabled"
                        }
                    },
                    {
                        "name": "tenant-a-frontend-external",
                        "properties": {
                            "addressPrefix": "10.3.2.0/24",
                            "delegations": [],
                            "privateEndpointNetworkPolicies": "Enabled",
                            "privateLinkServiceNetworkPolicies": "Enabled"
                        }
                    }
                ],
                "virtualNetworkPeerings": [
                    {
                        "name": "tenant-a-external-to-hub",
                        "properties": {
                            "peeringState": "Connected",
                            "remoteVirtualNetwork": {
                                "id": "[parameters('virtualNetworks_vnet_hub_externalid')]"
                            },
                            "allowVirtualNetworkAccess": true,
                            "allowForwardedTraffic": false,
                            "allowGatewayTransit": false,
                            "useRemoteGateways": false,
                            "remoteAddressSpace": {
                                "addressPrefixes": [
                                    "10.0.0.0/20"
                                ]
                            }
                        }
                    }
                ],
                "enableDdosProtection": false
            }
        },
        {
            "type": "Microsoft.Network/virtualNetworks/subnets",
            "apiVersion": "2020-11-01",
            "name": "[concat(parameters('virtualNetworks_vnet_spoke_tenant_a_external_name'), '/tenant-a-backend-external')]",
            "dependsOn": [
                "[resourceId('Microsoft.Network/virtualNetworks', parameters('virtualNetworks_vnet_spoke_tenant_a_external_name'))]"
            ],
            "properties": {
                "addressPrefix": "10.3.1.0/24",
                "delegations": [],
                "privateEndpointNetworkPolicies": "Enabled",
                "privateLinkServiceNetworkPolicies": "Enabled"
            }
        },
        {
            "type": "Microsoft.Network/virtualNetworks/subnets",
            "apiVersion": "2020-11-01",
            "name": "[concat(parameters('virtualNetworks_vnet_spoke_tenant_a_external_name'), '/tenant-a-frontend-external')]",
            "dependsOn": [
                "[resourceId('Microsoft.Network/virtualNetworks', parameters('virtualNetworks_vnet_spoke_tenant_a_external_name'))]"
            ],
            "properties": {
                "addressPrefix": "10.3.2.0/24",
                "delegations": [],
                "privateEndpointNetworkPolicies": "Enabled",
                "privateLinkServiceNetworkPolicies": "Enabled"
            }
        },
        {
            "type": "Microsoft.Network/virtualNetworks/virtualNetworkPeerings",
            "apiVersion": "2020-11-01",
            "name": "[concat(parameters('virtualNetworks_vnet_spoke_tenant_a_external_name'), '/tenant-a-external-to-hub')]",
            "dependsOn": [
                "[resourceId('Microsoft.Network/virtualNetworks', parameters('virtualNetworks_vnet_spoke_tenant_a_external_name'))]"
            ],
            "properties": {
                "peeringState": "Connected",
                "remoteVirtualNetwork": {
                    "id": "[parameters('virtualNetworks_vnet_hub_externalid')]"
                },
                "allowVirtualNetworkAccess": true,
                "allowForwardedTraffic": false,
                "allowGatewayTransit": false,
                "useRemoteGateways": false,
                "remoteAddressSpace": {
                    "addressPrefixes": [
                        "10.0.0.0/20"
                    ]
                }
            }
        }
    ]
}