{
    "$schema": "https://schema.management.azure.com/schemas/2019-04-01/deploymentTemplate.json#",
    "contentVersion": "1.0.0.0",
    "parameters": {
        "virtualNetworkGateways_AzureLabVPN_name": {
            "defaultValue": "AzureLabVPN",
            "type": "String"
        },
        "publicIPAddresses_pip_vpn_externalid": {
            "defaultValue": "/subscriptions/e0d889ac-ee90-47bc-8a23-e6895f056dfc/resourceGroups/hub-spoke/providers/Microsoft.Network/publicIPAddresses/pip-vpn",
            "type": "String"
        },
        "virtualNetworks_v_net_spoke_site_to_site_externalid": {
            "defaultValue": "/subscriptions/e0d889ac-ee90-47bc-8a23-e6895f056dfc/resourceGroups/hub-spoke/providers/Microsoft.Network/virtualNetworks/v-net-spoke-site-to-site",
            "type": "String"
        }
    },
    "variables": {},
    "resources": [
        {
            "type": "Microsoft.Network/virtualNetworkGateways",
            "apiVersion": "2020-11-01",
            "name": "[parameters('virtualNetworkGateways_AzureLabVPN_name')]",
            "location": "centralus",
            "tags": {
                "purpose": "Site-to-Site"
            },
            "properties": {
                "enablePrivateIpAddress": false,
                "ipConfigurations": [
                    {
                        "name": "default",
                        "properties": {
                            "privateIPAllocationMethod": "Dynamic",
                            "publicIPAddress": {
                                "id": "[parameters('publicIPAddresses_pip_vpn_externalid')]"
                            },
                            "subnet": {
                                "id": "[concat(parameters('virtualNetworks_v_net_spoke_site_to_site_externalid'), '/subnets/GatewaySubnet')]"
                            }
                        }
                    }
                ],
                "sku": {
                    "name": "VpnGw2",
                    "tier": "VpnGw2"
                },
                "gatewayType": "Vpn",
                "vpnType": "RouteBased",
                "enableBgp": false,
                "activeActive": false,
                "bgpSettings": {
                    "asn": 65515,
                    "bgpPeeringAddress": "10.1.1.30",
                    "peerWeight": 0,
                    "bgpPeeringAddresses": [
                        {
                            "ipconfigurationId": "[concat(resourceId('Microsoft.Network/virtualNetworkGateways', parameters('virtualNetworkGateways_AzureLabVPN_name')), '/ipConfigurations/default')]",
                            "customBgpIpAddresses": []
                        }
                    ]
                },
                "vpnGatewayGeneration": "Generation2"
            }
        }
    ]
}