{
    "$schema": "https://schema.management.azure.com/schemas/2019-04-01/deploymentTemplate.json#",
    "contentVersion": "1.0.0.0",
    "parameters": {
        "firewallPolicies_RemoteAccess_name": {
            "defaultValue": "RemoteAccess",
            "type": "String"
        }
    },
    "variables": {},
    "resources": [
        {
            "type": "Microsoft.Network/firewallPolicies",
            "apiVersion": "2020-11-01",
            "name": "[parameters('firewallPolicies_RemoteAccess_name')]",
            "location": "centralus",
            "properties": {
                "sku": {
                    "tier": "Premium"
                },
                "threatIntelMode": "Alert",
                "intrusionDetection": {
                    "mode": "Alert",
                    "configuration": {
                        "signatureOverrides": [],
                        "bypassTrafficSettings": []
                    }
                }
            }
        },
        {
            "type": "Microsoft.Network/firewallPolicies/ruleCollectionGroups",
            "apiVersion": "2020-11-01",
            "name": "[concat(parameters('firewallPolicies_RemoteAccess_name'), '/DefaultDnatRuleCollectionGroup')]",
            "location": "centralus",
            "dependsOn": [
                "[resourceId('Microsoft.Network/firewallPolicies', parameters('firewallPolicies_RemoteAccess_name'))]"
            ],
            "properties": {
                "priority": 100,
                "ruleCollections": [
                    {
                        "ruleCollectionType": "FirewallPolicyNatRuleCollection",
                        "action": {
                            "type": "Dnat"
                        },
                        "rules": [
                            {
                                "ruleType": "NatRule",
                                "name": "RDP",
                                "translatedAddress": "10.0.1.4",
                                "translatedPort": "3389",
                                "ipProtocols": [
                                    "TCP",
                                    "UDP"
                                ],
                                "sourceAddresses": [
                                    "<YOUR SORCE ADDRESS>"
                                ],
                                "sourceIpGroups": [],
                                "destinationAddresses": [
                                    "<YOUR FW DESTINATION IP>"
                                ],
                                "destinationPorts": [
                                    "50000"
                                ]
                            }
                        ],
                        "name": "DNATs",
                        "priority": 100
                    }
                ]
            }
        },
        {
            "type": "Microsoft.Network/firewallPolicies/ruleCollectionGroups",
            "apiVersion": "2020-11-01",
            "name": "[concat(parameters('firewallPolicies_RemoteAccess_name'), '/DefaultNetworkRuleCollectionGroup')]",
            "location": "centralus",
            "dependsOn": [
                "[resourceId('Microsoft.Network/firewallPolicies', parameters('firewallPolicies_RemoteAccess_name'))]"
            ],
            "properties": {
                "priority": 200,
                "ruleCollections": [
                    {
                        "ruleCollectionType": "FirewallPolicyFilterRuleCollection",
                        "action": {
                            "type": "Allow"
                        },
                        "rules": [
                            {
                                "ruleType": "NetworkRule",
                                "name": "VPNToHub",
                                "ipProtocols": [
                                    "TCP"
                                ],
                                "sourceAddresses": [
                                    "10.1.0.0/16"
                                ],
                                "sourceIpGroups": [],
                                "destinationAddresses": [
                                    "10.0.0.0/20"
                                ],
                                "destinationIpGroups": [],
                                "destinationFqdns": [],
                                "destinationPorts": [
                                    "3389"
                                ]
                            },
                            {
                                "ruleType": "NetworkRule",
                                "name": "ICMP",
                                "ipProtocols": [
                                    "ICMP"
                                ],
                                "sourceAddresses": [
                                    "10.1.0.0/16"
                                ],
                                "sourceIpGroups": [],
                                "destinationAddresses": [
                                    "10.0.0.0/20"
                                ],
                                "destinationIpGroups": [],
                                "destinationFqdns": [],
                                "destinationPorts": [
                                    "*"
                                ]
                            }
                        ],
                        "name": "SiteToHub",
                        "priority": 100
                    }
                ]
            }
        }
    ]
}